id,firmware_version
UCHEcDa2PBKw9AfRnbmm8gak,?
UC4hTDwM8e5wFBAkHnmDmqMk,0.8.20
Uf4EDYcPPBKanmEfUhQF2b5m,0.8.20
UC4hDNkGsB5RHGhfUE92kqcn,?
UWnhg8chPVpaHmYfUYQFFrRg,0.8.76
UfnhY3yYsVKw2eAkn4GhaGnt,0.8.74
UC4E2yQhsB5wFeAknnGYxGek,0.8.74
UCHhnQn2sepRQdWRHxmHpcfr,0.8.20
UWHE8SyFsBpaQy68yqxbhr4f,0.8.34
UWnE8Kk5Pepw6npfSGQDhhpf,0.8.38
UfHEsK7FsVpakqGfKMbtNDsd,0.8.38
UCnh86ASPe5Rtcqsyqxb2rrq,0.8.38
UWHhPMEePe5aqHKfSGtDhFtr,0.8.38
UC4htHPksVpwq4pCxmQDGydd,0.8.29
UC4htMdFPBKwQTMsc6xSHmKb,0.8.29
Uf4kxy64PBpwkMmfp6caxnVt,0.8.74
UWnFdy5C8e5atc6sc6xxQrXt,0.8.71
UC4kUGE7sepaq4KCx3tgtcBb,0.8.71
UCHkA4nPsBpw9cqscMbyRFtp,0.8.38
UC4FUqyKseKa6nKCxGtDQDea,0.8.29
UfnFUqfN8VKakMmfp6yafffp,0.8.71
UfnFCSs7sBKaqHKCSGQhbdxr,0.8.38
UfnkXCh9PBpakMGCpMya2Nbd,0.8.71
Ufn2h4NVPBKwQy68cMxcCthg,0.8.20
UWHk5kAxPepw9TqPc6xyKgrm,0.8.47;299
UWnkpshPsBKRQy68y6bTptXb,0.8.38
UWn2K8QH8B5w64KCbmtEHqbp,0.8.67
UWnkMas8PBpwqn5CxmthHPkq,0.8.38
UCnkMxf8sBKw9Tq8c6bTqAdt,0.8.63
Ufn2q3G7sB5RF6mCKqyxbFcg,0.8.68
UC4ksHdCsBpaqH5Wb3QhPqXq,0.8.38
UfHmb4EqPB5RtTq8c6bdeqdk,0.8.71
UfHmTB5rseKaM4KCSG9kem6t,0.8.38
UC4mA7mM8BKRQyM8cMbUkdsq,0.8.38
UCn3exSDseKakq3f5qyxrBgr,0.8.71
UfnmBxhMPB5aqH5fbmQkhhYf,0.8.71
UfHGBmFnsepRkqGC5qcx8bWd,0.8.38
UWnmepCVPBKRkMGfKqcSPewc,0.8.71
Uf4mV5CBPVpwFqmfpqySseae,0.8.71
UfH3CTCRseKwMn5fS3QF3bxn,0.8.71
UfHmfC5n8VKwqn5Cxm9FGCsc,0.8.71
UfnmWQpTPe5RQc6sTqSd5grc,0.8.71
UfH3DRCd8VKwtyM8y6bAph4k,0.8.71
Ufn3DShcseKaQTqsyqbUpmCh,0.8.38
UC4mXyKk8epw6H5WbGtFnhHn,0.8.71
UfnGDfSC8e5w2qmCpMcTakkm,0.8.74
UfnGD5Pr8epaQy6syMxAMgBr,0.8.38
UCHGXMcqPepRQTq8y6bUMDmf,0.8.38
UCnGX6pRsVpaq4Kfbm92peym,0.8.71
UfHGXrnasB5aMH5fbm9k5fXm,0.8.71
UC4mXsGHPVKaQcMPc6bdMm4n,0.8.38
UWHGhF3t8VpwF6GWKqyccxag,0.8.71
Uf4GEF7dPBKwkMGCKqcyTber,0.8.29
UWH3hnRCsepwF6mWpqcyyyqd,0.8.38
UCHGYrfsseKaQyMsc6bANqbh,0.8.71
UfHGh9wDse5RqHKfxmQk6pck,0.8.71
UCHmhtphsVpakMmC56yTymph,0.8.71
UfnGkRxx8BKRkMmf5MTycnda,0.8.38
UWH3FyAG8e5w2qmC5qTcyMna,0.8.29
UCH3FD9mPepRtc6PcMbAskSt,0.8.71
UC4G2hme8VKatyqscMbdPkQe,0.8.71
UCHmkhH8PepRFMmfpqTcAdQh,0.8.71
UC4G2GASPBKa26mfpMyTADbc,0.8.38
UWH3Fn8nse5wQc6sTMSUsrdd,0.8.38
UWHGkqsF8eKw64pfxGQ2rNbt,0.8.38
UWHm2rDPsBKwqH5fbGtFrr8q,0.8.38
Uf4GmRbUseKatyMscMxUtefe,0.8.38
UWnGmBT3sepaM4pfx3Q2PhVp,0.8.29
Ufnm4EbpPBKatTq8yMSVxcea,0.8.38
UfnGq2mwPVKa9y6sTqxBAGfp,0.8.38
Ufnm6kmAsB5w2M3CK6yckdsg,0.8.38
Uf4GqHP8sepwF6GC56cckDmb,0.8.71
UC4G6Pxr8VpRMnKCSGQ3crhm,0.8.71
Uf44eFxXseKRFMGCKqcdTmAh,0.8.38
UWHnB7ErPBpwtTM8cqSBPgCa,0.8.38
UfHHBQEMPe5atTMPcqbVPmxh,0.8.29
UfHHC3sQsBKRqHKWbGt3sDnh,0.8.29
UCn4CMnKPBpa9yMsy6xVQrnn,0.8.29
Uf4HDTC4PVpwM4KWxGtGtdGs,0.8.38
UCn4DHaEPB5wQc6sTMSWbbDn,0.8.38
UfHnD6fA8VKRtTq8yqxCxesk,0.8.38
UWnnYTNE8VKRMnKfb3Q4wMhd,0.8.20
Uf44hnd4sVpRk6mC5qyUECbt,0.8.38
Uf4HEr4MPBpaQyM8c6bfTtwe,0.8.38
UC4nkx9gPBKatTq8y6bWdfNb,0.8.71
UCnnF2FKPVKwkM3Cp6cdkpec,0.8.71
Uf44FHsNsVKaFqmfpqTdkspp,0.8.71
UWn4npYXPepwqHpfxmQnftdb,0.8.71
UWnH4KQgsB5RtyMscMxWEcwe,0.8.71
UCHn89NCsB5aFq3CpqTeSfym,0.8.38
UfnH93GPsVpRFq3CKMTeTaAf,0.8.38
UCnpwAck8VpaqnKfbGQHqqrh,0.8.38
UC45bRHMsBKw64KWx3Q4rpwn,0.8.29
UWnpbrqGse5wq4KCbmtn8kns,0.8.38
UWnpfAwTPVpwq4pfxGQpynkh,0.8.71
UWnKgfsg8eKwkMGfKMTBndcm,0.8.29
UC4pYC3KPe5RqnKWxmt5fsct,0.8.29
UC4p3D9ksB5aty6PyMSgHNad,0.8.29
UfnKH5CgPVKa26GCpqcWbrhd,0.8.38
Ufn5qahePeKaQTMsc6xDQfdt,0.8.38
UCHKQCek8VKatyqPTqbEehsn,0.8.38
UCHp9fKGsB5aFM3fK6cC3fAq,0.8.38
Ufnqawd9PVpRQTMscMbYCGge,0.8.29
UC4qwb2hPepaFqGfpMyC4krm,0.8.71
UfH6aHgePeKwQTMPTqxhgGfb,0.8.38
UWnMwrG6PVKa2qmfKMcWKpfk,0.8.74
UCH6aQ8E8VKRkM3C5qcWKteb,0.8.74
UCnqbnapPVpaFM3WKqyCMNrc,0.8.38
UWnqxKE7sVKw2M3f5qcfqQrk,0.8.38
UWnMypWNPBKw9yM8yqSEGksm,0.8.71
Ufn6csWSsBpRFM3C56yfsm7a,0.8.71
UCnMVear8Bpw2MmfpMyDReAa,0.8.38
UfnMWHFNsBpwFqGC5MTDxtyb,0.8.29
UCnMCNbpPe5Rk6mWKqyDccKg,0.8.38
UCnMfrnxsVpwQyM8c6xhrDem,0.8.29
UCnMhHPK8Bpa9yM8yMSE9Naa,0.8.71
UWHrTVcsPeKwPNgGFy8qTaVf,0.8.38
UfH7cesN8VKwDsbSPc8Hpysr,0.8.38
UCH7ygRfPBpwympDYpc3empb,0.8.38
UfH7yXnKsBKacGKgE5yGBpba,0.8.38
UCHNyFhDPeKRc3pgYpTGBsHq,0.8.38
UCn7cGRmseKRPNX3FTs6cHbq,0.8.38
UfHNc3M5seKaPrDGkyPqyp2d,0.8.29
UCn7y9BfPBKRxWHXPp9nEqQd,0.8.38
UC4NAqHHPepaxYMrkcQHcqAk,0.8.71
Uf4rANFNseKwSh6N2TtHcNgd,0.8.71
UCnrUPaK8B5RwpGc8mCxbmWr,0.8.71
UfHrd9a4seKwem4Tkx8Mhkhh,0.8.71
UCHNdtAmPVpwSh6N2c9nctKt,0.8.71
UCnNd9HMPBpawKGTPmWbSpMq,0.8.71
UCHrVxaHPepwRKmcPmWbxr4n,0.8.38
UWH7eCs5PeKRw5mTPmWSce3a,0.8.71
UWnNWVbG8BKaWry2f8dEWwrp,0.8.29
UfH7fetBsBpayFwqfgbqBpWe,0.8.38
UWnNfEX2Pe5weaeNfe5Rxbke,0.8.71
UCHNfYhw8B5wfNT2fsAhCkxp,0.8.71
UWnNfE9msBpRCNTkW8AEfk7s,0.8.71
UWH7Ck9aPeKRC7ykCsUhCnCk,0.8.38
UfHrWPXH8e5wBaerWe5wxKck,0.8.71
UWHNDw7p8BKaeweNfBKwSPcd,0.8.29
UWHNXUQN8BpaWNykCsdYgmRk,0.8.20
UC4NDBW9PBpRBaB7CeKRyyrt,0.8.38
UfH7D8MA8eKaVwBrWeKaUbdt,0.8.38
UWn7gtM4PeKaVRB7fVpadc4s,0.8.71
UfnNhRrxPVKwCNckf8dEhpRd,0.8.71
UWHrEy2HPVpRCNy2C8AhENht,0.8.71
UC4NEUxgPVpwCry2CPdYEsSt,0.8.71
UWnNhemm8eKRMbHHcQ98Qe4e,0.8.29
UCHNEDQ7PVpwMbHHcQ98tkbk,0.8.20
UWHNEHMksBKaWrTFWsAE2Fqm,0.8.29
UCn7E8y7PVpw6SHnytQ9abPk,0.8.38
UfnrYQ8Q8BpRf7ckCPUEktDh,0.8.71
UCnr2xHBsB5wfrykWPAh3bph,0.8.71
UfnN2cdQPe5wqxHnytQQwEee,0.8.71
UWH7keQMsepRqbnHyt99anQr,0.8.29
UCnN2VQMsB5aqbn4ctttapRa,0.8.29
UfHrkB96sBpaeaVNCeKwVs7m,0.8.29
UfHr2BQ6PBKwBRerfepwBPrp,0.8.29
UfnN2t6mPe5aWrckWsUhHenc,0.8.20
UC47Gwew8VpwBaVrWBpwWr3r,0.8.38
UC47mwpBsVpRfNTFWPAYnftc,0.8.71
UCHN3BcVsVpRqSHncQt9bQkk,0.8.71
UWHrHqHePVKwW7y2CsAE6g3c,0.8.20
UWHrHtrePBKaWNTkCsAYMKfa,0.8.71
UCnNpTs2PVKwqSHnTQtteAth,0.8.38
Uf4N5eDF8BpwqSHHT9QQVCrg,0.8.38
UfnNKfdy8BKaWrckCPdhrcfn,0.8.20
UWHrqffksepa6SnHyQtQCncr,0.8.29
UfH7qKcUPeKwqSn4cQt9gbEe,0.8.38
UfnPVERk8e5aMb4nAaRaSQqm,0.8.29
UfHPBrdYsBKReRerWVpxgKgk,0.8.71
UWnPfSbm8VKaMSnnUwaaAwhr,0.8.20
UC4PCcRPse5wBwBNWe5ShAms,0.8.38
Uf4PWe3hsB5aMbnHdaawAggh,0.8.71
UCHsWM9QPVKwWNyFW8dFMtAq,0.8.71
UWn8ganaseKwVwVNCBKbkKdg,0.8.38
UWnPXxARsepwBwVrfBKxkMhf,0.8.38
UfnsXbKgse5w6xnHdwaaVqTf,0.8.38
UfnsXc6hsVKwCrcFWPdk7kqp,0.8.38
Uf4Pgpp8PepaC7ykfPU2PkNg,0.8.38
UC4PERhNsBKwMSnnAaRwDf4s,0.8.38
Ufn8EcS7PBpafNT2fsdF9d6q,0.8.38
UCHsEs2s8epwCrTFCsUmwhta,0.8.38
Uf48FaMPPeKaBRBNWepbMxnc,0.8.38
UWn8GRm5PepaVRerCBKxrqDd,0.8.38
UCH8mDtasVpwfrc2CsUmUaMh,0.8.38
Uf48mpTn8BpRf7y2CsUmUhKm,0.8.38
UWnPHc9D8B5aqbHHAwwa5pgs,0.8.29
UWnPKWPBPBKRBaBrCVpcxgmg,0.8.38
UC4sph3VPeKaqx44daRa7mPa,0.8.38
UWHPp3BHPVpRqb4nUwwRrMgh,0.8.38
UC48KnsAsBKwWrTkCsUGXmgc,0.8.71
Uf4s55Ks8eKaewBrfe5cxtYk,0.8.71
UWnPpMXbsB5wC7cFCsdmgpTf,0.8.71
UWHsKsXVsVKaVaeNCVKTyyts,0.8.38
UC4PKPH4sB5aqx4nURawsecf,0.8.38
Uf4sp8s9Pe5aWNckfsAGDs2r,0.8.38
Uf48KQBwsBKReRerfepTcebf,0.8.38
Uf4sMUxssVKafrckCPdGhAqk,0.8.71
UWHsqhessBpReweNCB5ccPne,0.8.71
UCns6YMqPBKweaVrfepTct4a,0.8.38
UfHsq5MF8Vpw6b4HURaaQCnd,0.8.71
UC4P6sFVseKaMx4HUwawQmRc,0.8.29
UfHPMPPGsB5wfNykCPU3kdFf,0.8.71
Ufn8rw7TPBKRCNckW8dGkgdd,0.8.71
UfHsNB8esVpaCNy2fsAGkpYe,0.8.38
UCnsrXyyPBKafNTkC8d3FrCg,0.8.38
UC4P7GQ3sVKaMxHnUwRxwkWh,0.8.29
UCHsNpgNPB5aC7c2f8dGGBmp,0.8.29
UCH8rr9kPVpwW7cFfPUGGkxb,0.8.71
UCHsscqq8VKRfNckWPdG3sbp,0.8.71
UCnPsUACsB5aqSHHUwRSbBqp,0.8.38
UCn8sDGDseKRBwVrWe5cWh3d,0.8.38
Uf4ss8EgsVKRfrc2CsUmHsXf,?
UfHP8QyaseKRf7ckCPd3nQef,0.8.29
UWHP9dcd8epRMSnHAwRScnma,0.8.38
Uf4stksy8VpwBaerfeKyXQeq,0.8.71
UWn8Q8NePBpwVwBrCepyEhwq,0.8.29
UWHQwxF5PBKwqx4nUaabdrwr,0.8.38
Ufntwk3C8epRMx44AaRSegYs,0.8.29
UCHQwHSVPBKa6bH4dRaxekps,0.8.38
Ufn9wt7w8e5RewVrfeKckstp,0.8.20
UfHtxtNFPepwVRBrWBKy4fth,0.8.38
Uf4tA6FDPVpwBaerWBKcqPte,0.8.71
Uf4QgGdKsB5w6xHHdaRb7pyh,0.8.38
UCHtYXmcPeKRMxHnUaRStDeg,0.8.38
UWnt2ReUPB5wC7yFCPd4mhyp,0.8.67
UWHt3bfPse5aMb4nURwcUyrb,0.8.38
UWnQmtVRPVKRqbnnUaaTBPsc,0.8.38
UWnQ54tPPVpaWrykfsdpSgfg,0.8.38
UWnt58EnsVpwWrc2fPdKSrDr,0.8.71
UWHQ66k7PeKwfry2CPUKdDka,0.8.71
UWHQNfaKsBpRf7ykCsUpBeVk,0.8.38
UfHQ7FdYPB5wVwVNCBKAthXq,0.8.38
UCntNPbAsBKRfNykfPA5CeBt,0.8.71
Uf4QN9BxPepaWrc2C8d5CgYb,0.8.71
UC4Q79M5sepwBwBrWB5BRfRk,0.8.71
UCHQPad9sB5wBaeNWepBRfNe,0.8.71
UWn9Pys4seKafNcFWsd5Crcc,0.8.71
UCHtPFw2PeKaCrckf8ApDfGn,0.8.71
UWHQsFNSsVKRBwBrfBpebe3e,0.8.71
UCnQsGBUsVpReaVNCB5ebfBb,0.8.38
Uf4Q8G3mseKRBRB7CBKexCqn,0.8.38
UWH9P3snsBpaqSHnURaTrsBr,0.8.38
UCntPHxPsBKRewVNCepVbDtf,0.8.71
UfHt8nAaPB5RBaBNfBKBShbp,0.8.38
UfHtPHrf8VpaqSH4ARaTsapa,0.8.38
UWnt87Arse5aqxHnAwac8e9f,0.8.38
UWHQ9tstsB5wCNy2fsUKmawn,0.8.71
UfKwaUBq8B5RC7ckfPdpmCgb,0.8.71
Uf5wRrChPeKReRB7CVKeWb7h,0.8.20
UC5wRQMtPVKw6xHnUaadSNds,0.8.38
UfKabeUEPB5RqbnnARwUcdKs,0.8.71
UWKabfcsPe5w6b4HUaRAcfdh,0.8.71
UfKwyw9UPVKwVwerCe5egqVa,0.8.71
UCKwyyaXsBKaCrckCsdK6baa,0.8.38
UCpRcTNYse5wqbn4ARwUdgpr,0.8.29
UWpwyfXSse5aWry2f8AKMfVt,0.8.71
UCpwTXA5PeKwfNTFWPUp6gnb,0.8.71
Ufpwchas8eKaewVrfeKVEeCq,0.8.38
Uf5aTGFCPBpwqSnHdRadUtMq,0.8.38
UfpwcP7ysVKaWNyFWsdKrbnb,0.8.29
UfpaAcH9PVpaqSnndRadeKnh,0.8.38
UWpwdVec8eKwVaVNCVKB2Cff,0.8.38
Uf5RdYtWsBKRC7ykfsUKrrrb,0.8.38
UfKRAHnGsVpRMbn4AwadWgCn,0.8.38
UCKRdMwrsepRMxnHdwaUfkBs,0.8.71
UfKRAM2H8eKRMbH4AwadCFsc,0.8.38
UCpadrDfPVpRBRe7fe5VGb4t,0.8.20
Uf5aBxYhPe5wCNckCPd5PHgs,0.8.71
UCKweAGA8epaMSn4dwwUDcha,0.8.29
UWKwBeStsVKwBRerCBpBGnKe,0.8.29
UfpaBVbtsVpReRBrWeKBmHph,0.8.38
UfKaVebQPBKwWNcFWsU5PPhd,0.8.38
UfKRBVxtPBpwqbHHUwwADdfp,0.8.38
UCpRe2m6Pe5aqSn4AwaAXmXn,0.8.38
UWpRB7gQPVpRBRBNWe5BHEak,0.8.71
UfKaCs4QPVKRCNTFC8AMbbrh,0.8.38
UWpaDqsDPBpwMSHnUwwd3pbs,0.8.71
Ufpwg8KH8eKaeRB7fe5VNeqq,0.8.38
UWpahwqkPeKwCrcFCPUMTp3q,0.8.71
UCKwrMts8e5aP5wxRsQQDp4a,0.8.38
UC5wrMQtsVKwE3BDGfTYsypr,0.8.38
UCpSw9BnPepaMtx7QfYaXcQe,0.8.71
Uf5ScQYRsVKwMtbrtWhRmGhk,0.8.38
UfpSyt55Pe5a85axaQawabMp,0.8.29
Uf5SdsCFsB5w85aSwQwaxpps,0.8.71
UfpxVwydPVKa85axatRaxPte,0.8.71
UCKxBaGYsepaq9xNtCYaKhtf,0.8.38
UC5bVPUN8B5wEGVD3fTFHnrt,0.8.20
Uf5SeQQb8e5a8KwbwQwRAn3h,0.8.38
UfKSCSaXPBKREmeXGfcF4tNk,0.8.38
UWKbDKTM8eKahmeDmCyFNhWh,0.8.38
UWKbXKpCse5aqtSNtCYaQqTf,0.8.66;315
UfKbYTy7sBpasKwxatRRgsGg,0.8.38
UfKxYAQnsB5RP5wSatRwYbks,0.8.71
UC5xh3QtPB5aPpRSa9awEHpd,0.8.71
UCpbYpSSsBKa8pwxRtaaYMmp,0.8.38
Uf5ShtpdPe5RqtSr9fYxbpya,0.8.29
UC5SGwAB8VKRPKwxR9aRmrUh,0.8.71
UCpSGUnYPBKwMtbN9fYSdmbm,0.8.71
UCKx3Cs6PeKaEGBXmfcmxGee,0.8.71
UCpSGhKB8VKwMtbNQfESAtFc,0.8.71
UWKx3GR8PB5wP5wSaQaRnKaq,0.8.71
UC5x3qfq8eKaqtbr9fhbegFq,0.8.71
UCpxmNC9PBpRM9brtChbBkRf,0.8.71
UWKx4EKePB5aEmBXGfymUebk,0.8.38
UfKbHYqWPB5RM9x7tfhxWh3f,0.8.38
Uf5x4FWmPBpaEmBDmCcGUfeg,0.8.38
UWKxHNwQsB5a8KRxRtwRMmNk,0.8.38
UCpSHrK2PVpwPKwbR9aaqpAa,0.8.38
Uf5xns27sVpRP5abataaqMpp,0.8.38
UC5xH9c9sB5aqtSrQfYbXecf,0.8.38
UCpSHtMnPBpwqtS7tCYbgCeq,0.8.38
UCpSpwCqPVpRMQxr9fhSggch,0.8.38
UCKSKSxP8VKREGVgmCT3BeBd,0.8.38
UCKb5SNSPeKwMQb7tfExDkqt,0.8.38
UCKSKcGMPe5a6QSNtfEbgHst,0.8.38
UC5b5dkxPe5RsKabw9ww7gdt,0.8.38
UCKbpdrk8BpaY3Bg3Cc3emQm,0.8.38
Uf5bpWBBsepaM9bNtfESDt7s,0.8.38
UWKb5DfYseKaspaSwtawNp6b,0.8.38
UCpx5XtHsepwEGBgGCTGfabk,0.8.38
UCpx5FVB8epRhmegGfcmfcYc,0.8.38
UWpxpFfe8BKwhmBXGCymWcFs,0.8.38
UC5b5FPGsB5a6txN9ChShDqt,0.8.38
UWpSpGgsPepaY3BgmCTGfeGh,0.8.38
UfpSqTmN8BKaPpaxRQwRPtmh,0.8.71
UWpTchdTPVpw8KRxRQwbpGhf,0.8.38
Uf5ydKQNPVKwEGBD3CcHChDa,0.8.71
UCpcB4Db8B5w6QSNtWEyGewc,0.8.71
UfpcWDK3sepaqtb7QCEy4qtd,0.8.38
UCpyXFSgse5aPpabRQRcBbBf,0.8.38
UCpTDM34PBpRspRba9wyenAn,0.8.38
UfKThe6n8e5RqQb7QWEysGqs,0.8.71
UCpyEkrmsB5wEGBXmfTHrdQs,0.8.71
UC5yFmmg8BKaPKwba9aTkwdf,0.8.38
UWKy2QtC8VpwqtxNtfEdxm3r,0.8.71
UWKy3e2hPe5wPKwxRtaTGeCk,0.8.71
UC5cHrN2sBpwEGVgGfc5dc5b,0.8.71
Ufpy6wGEse5whmVXmCTpCc3s,0.8.38
UfKy65wasVKwMtx7QCEAEt9b,0.8.71
UfKctyEesVKaYGVXGWcpnDhb,0.8.38
UfpTQAYfPB5ahmeDGCTKHkVa,0.8.38
UCKc9BqWsepwPKwxR9wAAn7r,0.8.71
UWKct8xsPepwE3BgGCTKKpsr,0.8.38
UCKAam5VPe5wPpwSwQRdgxbp,0.8.38
UC5AbtA7sVKwPKwbwtRd2m5a,0.8.20
UfpUeqNTPBpahmBgmfcMCbwp,0.8.38
UC5Un6HrPe5wM9b7tfYCBBks,0.8.20
UC5UKTmr8VKaPKRbwtaeMFst,0.8.38
UCKdqWBFsVKRMQb7QWhCYNtt,0.8.71
UCpdMnbMsBpw85aSwtRBQt9c,0.8.38
UWpAsNbUsBpws5wSa9wfBQna,0.9
Uf5dsNK3PBpas5wxa9wCCbcd,0.8.38
UWpAtdETsB5RPKaSa9afWsNp,0.8.71
Uf5dtXkq8B5RqQS7QfYC8sGg,0.8.20
UfKAtkhXPeKasKaxwQwWgKbr,0.8.71
UWKVcGhXPe5RqQxN9fYXCmgf,0.8.38
UCpBfKMa8BpRhmeDmfTPnhcs,0.8.71
UWKVkWwe8epwEmBgmCystpya,0.8.38
UCKe3MRQPepaspRxaQRD5qrq,0.8.38
UC5WeHc4Pe5w6QS7tChmqfWn,0.8.71
UWKWEhdhPVpRM9xrQWEHTpHt,0.8.38
UCpC39t8PeKRq9xN9fhHkCan,0.8.38
UfKfqywXsVpa85abaQw4fAet,0.8.71
UCKC7Gw3PB5w6tbNQChKaCtb,0.8.38
UC5CNMw3PVpwq9xrtfYKardf,0.8.38
UCpfrMGhPepw69xNtWEKaPkn,0.8.38
Uf5Wr7yG8BpRhmBXGfddwqft,0.8.38
UCKCrPyB8e5RM9b7tChKSceh,0.8.38
UC5f7P8asB5a8pRxwQRHGfKh,0.8.38
UfKf7t3FPe5aPKaxaQwH3Ems,0.8.38
UWpf8SgfPe5wYGBDGCdASGnm,0.8.38
UfpCsUNHPVKwq9bNQCYpcdff,0.8.38
UCpCsB3NPVKaqtbr9CEpTfUq,0.8.38
UWKWsWmFPVKaq9xrQCE5yEte,0.8.38
UWKDebwdseKw8KaSwtaKnMrg,0.8.74
UfKgX3MfsVKasKaSwQwqSrye,0.8.38
UfpgEUKmPVKw6tSrtfEM5c4b,0.8.71
UfKghDWwsBpwPKwbR9aqANqr,0.8.71
Uf5XF6Eh8VpRsKRba9a6Egtf,0.8.71
UC5D3C4C8Vpa6QS7tfE7akDb,0.8.38
UC5XGFGfse5ahmeXGCACSdHd,0.8.38
UCKgGHegsBpwEGBXGfdfxhqr,0.8.38
UWpXmp7AsB5w6tbr9ChNSh9t,0.8.71
Ufpgmqcm8VKRq9br9fENbk8m,0.8.38
UCKXGQmn8B5w8KRSa9a6Hhma,0.8.20
UCKXHcXBPepaq9bNQfY7cmab,0.8.38
UC5XHma4sB5RPKaxw9aM5the,0.8.71
UWpDH7td8VpaEmVD3CdCVKaa,0.8.38
UCpD6QV2sVpwY3egGWAWmpKc,0.8.71
UWKgNhYD8VpRMtSNtCE7nmQt,0.8.38
UWpgPM6qPVKaYmeXmCACsBae,0.8.71
UWKg9GGA8BpRMtxN9WhNQq6t,0.8.38
UfpYhQef8eKa69xrQWhQEdBe,0.8.38
UfKYGfcyPVpaPpwbw9wteeBa,0.8.20
Uf5E36rhPBKREmeD3WAhNhDd,0.8.74
UfKh36NYsepahmBgmCdErhgf,0.8.74
UCKhrna6sVpw8KRSwtxwReqd,0.8.38
UWKEPpMD8Bpah3eXmCUk5cRk,0.8.71
Uf5YQhesPe5w8paxRtbRCymh,0.8.38
UCKFwygDse5aP5wbwtbwXtBd,0.8.71
Uf5ka6qKPVpaqQxNtWkRQk4g,0.8.71
UfKkxShWseKwsKaxRQxwGdpq,0.8.71
UWpkyAwwPVKw6tx7QWkScPcq,0.8.38
UWpFTAP6PBpw6QxNtC2bUaEc,0.8.38
UfpkctXG8BKwYmBD3fUGWHtq,0.8.38
UCpFMDtePepRPKabatxyGa4s,0.8.38
UCKGyAVxsepRqtSNQCkVxeTn,0.8.38
UWKmBAmrseKaqtxN9CkBDnyr,0.8.38
UCKGBHkKsVpaEmeDGWAM3fTk,0.8.38
UC53eMtgPBKaYmeD3Wd6mpdh,0.8.71
Uf5Gf7mVse5wMQS7tWFe4q2p,0.8.38
UWpmgUHhsVKaEmVgGWAMNCrm,0.8.71
UfpmDeAw8epRqQbrtf2epset,0.8.38
UWKmGfUCPB5ah3BgmfUNfgcq,0.8.71
UCpGHnkE8e5aYGVg3fArFPap,0.8.38
UC53qkmqsBKREGBgmCArNpBe,0.8.38
UWpm7H2RPVpaMtxrQWFWPq6k,0.8.38
UCKGPkFPPB5wxf5MAw2kHcgd,0.8.38
UfKnWRbp8epwSCpMUakm8Ahk,0.8.20
Ufp4fwNqsepaxqcHNTeYEkDa,0.8.20
Uf5HYMgUPVKwxC5Mdak4DeGa,0.8.71
UWKHkmsrsVpRfRpwFUDr8pNq,0.8.20
UfpnHxNg8VpaxWp6da2HraPp,0.8.71
UC5nnTbEsVKwfaKw2UDPdAsf,0.8.71
UWK4phgCsepRCRKa2AgsXspq,0.8.71
UCpHMQ3csBpwbqyHrTekPcxr,0.8.38
UCp4qtn8sB5wb6y4Nye2scEb,0.8.71
UfpHNcDB8eKaSfKMAa2pfhGm,0.8.71
Uf54PfK4sVpwxqcH7TBmTwqs,0.8.38
Uf54shMBsB5wCRpwFAgPQApr,0.8.38
Ufpn9MKFPepwWwpwkdX9cMmr,0.8.71
UfKHt7aQPBpRxMcnNTeGXbwh,0.8.38
UWpKxgGePBKax6c4Nye3nkws,0.8.38
UC55xM3NPeKRbMTn7cBG5Hqm,0.8.38
UCp5ySwrsVKRxMcH7yem6k6p,0.8.38
UWpKTF2xPeKwCRpakUg9Hn2f,0.8.38
UWK5dgcRPeKaCRpa2dD9rfYk,0.8.38
UWp5dqcpPB5aSC56AaFqFqed,0.8.38
UfKKhQnQ8BKwVM4UQmparEcq,0.8.38
Ufp5Fa3QsepRAh7c3KbTCd2f,0.8.71
UfppnTpBPBKa84pAHPMr9tBa,0.8.20
UCKK5ktHse5wB6HdQ3pbmwgn,0.8.71
UC55rsFkPBpaUhNcmKbAFbbf,0.8.38
Uf5pPyra8VKa84pdn8Ms6mfs,0.8.38
UWpp8BGk8eKasHpUHsMs6Psg,0.8.71
UfpKQDFQPBKReMHAQ3KyBq2a,0.8.38
UfpqUygBsVKaBMHA9mKTtgSe,0.8.71
UWK6de6XPVKaB6nAtGpytq4m,0.8.71
Uf5MUWq9sepRPnpAns6t5m4s,0.8.71
Ufp6BDaase5RBMnUtmpATqMn,0.8.71
UWpqVn5YPB5aVMndQ3KUdnTe,0.8.71
UWp6C3bFPeKaVMndtGKUDbHr,0.8.71
UC56gDkWsBKwV6HdtGKUkmht,0.8.71
UCpMN3wpse5RAEry3KSgEtmm,0.8.38
UCKNaFE4sVKaBqHdtm5C3dDn,0.8.71
UCprRKqtPeKRAErcG5bYcAqt,0.8.71
UWKNSyfCPepaAENcmpSEdGph,0.8.71
Ufp7APaAPeKwAYNcmpxE6bYh,0.8.71
Uf57A9mmPVpRP4pdns7Aaxsc,0.8.71
UfKsbN9n8eKwsnKUHP7CFq6g,0.8.38
UfKsHemYPVpwsn5dHP7Eyxdn,0.8.71
UCKPqrRQPVKRBMnAQG5Hpnpq,0.8.38
UfpQbyWM8BKRAYrym5brwn4m,0.8.20
UCKQbBGrPVpwAENcGpSNbwrf,0.8.38
UfK9rmtK8epadhrcG5xtDQap,0.9
Uf5tr4kgse5we6nUQm5r7exd,0.8.38
Uf5t8Hrf8e5w8npUHs7nNb5h,0.8.20
UWMRahMk8B5wdE7cmpStNs5c,0.8.38
UCMaRkBePVpaPHKUnPNpxh9b,0.8.71
UCMaSPCEsB5adhrymKTRxkWf,0.8.20
UfMa8sCB8B5adENc35ccEnca,0.8.71
UWqwsQncsBKwAh7cmpyyYsxa,0.8.71
Ufqw9c9P8VKaB6nAQ3qw8eTp,0.8.71
UCqxbdMUseKRs4KAnsrsbsnh,0.8.38
UWMScbDrPBpRsnpUn8r8BdWh,0.8.38
UWqSAXb7PB5adhrTmKTABewm,0.8.38
UWMSdhbG8VKw8H5dns7P2ann,0.8.38
UCMxUmySsBpaAYNyGKcdBMpb,0.8.38
UWqSdQbBPVpRPHKUHP7PGhag,0.8.38
Uf6xVwFa8e5wAYrcGpTdDbSb,0.8.71
UC6xXmgYPBpwAE7cG5cA6tUk,0.8.38
UWMxhdBqPVpasHpAn8rQcAce,0.8.38
UfMbEH3CPVpaeMnAtGqcWDab,0.8.38
UCMca7QmsB5wUYrTmKTfKkra,0.8.38
UWMyS4Hk8epaAhrcm5cfsbQk,0.8.71
UfMyDrTGsVpaB6HAQmMfdNef,0.8.38
UfMcmRd2sepwdhrc35yEfAps,0.8.38
UCMy8kUWsepa8HpAH8PUhGgt,0.8.38
Ufqy9A2XsB5w84Kd4PPdmm4h,0.8.38
UfMdFERw8eKaBMnA93M2hpwf,0.8.38
UfMUpnPVsBpRdh7cGpcHraYd,0.8.71
UC6AK6knPepwPH5dnsPDws7d,0.8.71
UWMAMCHNseKwdYryGpT4PPmq,0.8.71
Uf6UqH4DPepaP4pAH8PgAf9p,0.8.20
UCqArwrEPeKRdYNcm5ypaqkd,0.8.71
UWqA7YMXsVKa8nKUHP8DfHdp,0.8.38
UC6drkVAseKw8npAH8sgCpqr,0.8.38
UfMAPDSc8BpRdENTm5ypBDmd,0.8.71
UWqdt7pgPVKRPH5AnP8g5rdb,0.8.71
UCMeRy9FsVpwe6ndtGM3Ne2m,0.8.38
UCMewspK8Bpw84Kd4PPXPmGd,0.8.38
UfqebbNmPVKwUh7yGpTKpgCp,0.8.71
UCMeTCQCPB5RAhNcGKTpsEar,0.8.71
UCMBTYNTsepadhrym5yKPpFe,0.8.71
UC6eVWGtse5aBMHUQGM4hhaf,0.8.38
UfqBFAVt8eKweMndQ3MKycft,0.8.71
UCMVPwKgPepaeMHUQm6qfmrm,0.8.38
UfMePFshPepwBqnA9GM6hgnd,0.8.38
UC6BQ2PH8BKaeqHdtm6qKNmp,0.8.71
UC6fbnTEPVKweq4dt3MNUCar,0.8.71
UfMfSppq8VKweq4dQmM7dmrq,0.8.71
Uf6fSrwPPeKws4KdHPP4dNmb,0.8.71
UWqWb8qQPBKas4pUHs8HVcpf,0.8.71
UCqCy5x3sVpRAh7ymKyQTPsg,0.8.20
UCqCc7dfPepReM4d93MNXssk,0.8.38
UC6WdkWNsVKaBMnA9GM7GaBh,0.8.71
UCMWAKEB8epwPnKUHs8H3mtq,0.8.38
UCMWAPGAPeKweqHUQm6rHcrt,0.8.71
UC6WBw4F8e5wsnpUHPPHHm8s,0.8.71
UWMWedWGPB5Rs4pAnPs4Kbna,0.8.38
UCMWBBEnse5ReM4UtGMNpBbp,0.8.38
UCqCB9hasVpae6ndt3Mrrd2m,0.8.71
UC6ffUpfPBKRsn5A48snsbVp,0.8.71
UfqWffw7PeKRAYrTGpT9HqUk,0.8.74
UC6WfEXpPepRdENTGpytpctm,0.8.71
UCqWC2DmseKa8n5d4ssn8s8h,0.8.71
UfMCWQsxPBpweq4AQ3qsacAt,0.8.71
Uf6fhwDkPe5aUENympTtQkNf,0.8.38
UWqCY8HbPVKRsHpAH8sKfmUn,0.8.38
UCMfFXDUseKaB6nA9mMPXsCg,0.8.71
UWMC8pFMPVKwBq4dtm6t3ebb,0.8.38
Ufqf8qDMPVpRBqndQG69GDrb,0.8.38
UfMCsN2m8BKwVq4UQmqtGnXs,0.8.38
UfqDSSbNPeKasH5dHssrxd7p,0.8.38
Uf6gbbADPBKaVM4Ut3rawqcg,0.8.38
UWMgkEk2sBpRP4KA4sPsDpbn,0.8.38
UfqDQHB9PB5aAYry3pABWkQq,0.8.71
UWMEY3KNPBKwUEry35df9xfr,0.8.38
UfMEFSNMsepaAYry3KdgRm4k,0.8.71
UWqEmabBsVKRsHKA4PtxXt6s,0.8.20
UCME4HTEPB5RBqHd9GrVnqEp,0.8.38
Uf6hM7ynsVKweMHdQ3NCbwht,0.8.38
Ufqh8KH7PBKadYNy3pAhUGgn,0.8.74
UCqh8pnrPeKweqHdt3NCDaHa,0.8.71
UfMkadBp8VKReqHd9m7Cmtct,0.8.20
UWqkxbSyseKadhNyGpUEms9r,0.8.20
UC6kxC68PBKaeq4Atm7frcFf,0.8.20
UC6kbEYxPVpasnpA4styssRa,0.8.20
UC62xkmn8eKaeMHUQG7frHhb,0.8.20
UCMFS3kGPeKRdE7c3pAYKg8d,0.8.20
UCqkSHke8epwB6nAtmNC8aSf,0.8.20
Uf6Fb8aMPBKwUhrTmpAEqdEs,0.8.38
UCqkxPeHsVKaAh7ym5dhqeyn,0.8.71
UfqFyRqyPB5aUh7TGpAhMnKd,0.8.38
Uf6FcXE9se5Req4UQ3NgRwkn,0.8.38
Uf62y3pe8BKwsn5d48tAybRs,0.8.38
UWq2dVkd8epaB6HA9G7Dch5k,0.8.38
UC62dQ2NsepReMnUt3rXeEqb,0.8.71
UfMkGYC3Pe5RAErTG5AmVbDg,0.8.38
UC62rFNa8VKwVqnA9GNFBnFh,0.8.38
UWqFQfmXPBKwdh7y35AHmwdm,0.8.38
UWMmRdmdse5wAYryGpUnqwqe,0.8.71
UWM3afdWsBKw8HKdHPQXwdnc,0.8.71
UWMGxKTVsBpaeM4At3rmdfHc,0.8.71
UfMmcSsk8BpaAhrTmKApddca,0.8.71
Ufq3dh3s8BpRAhrcmpAphdRr,0.8.38
Ufq3eqfC8epaUh7cGKA5HtPe,0.8.71
UC6mV7BNPepwdE7y3KAp5c5q,0.8.71
UC6mCc39Pepadhry35ApqcMf,0.8.38
UCMGW9CFPeKaeMnA9mrmtqNd,0.8.38
UWq3DaCUPVpaB6ndQ3NmQt5r,0.8.71
UC6GXyBAPBKRPHKdHPQhcMeh,0.8.38
Uf63g8PXseKwBq4AQG74yqXe,0.8.71
UfMmhbbAsVpwBqHUtmrHdc8d,0.8.71
UfMGEWrYseKaP4pdn8thDhQb,0.8.71
Uf6mFaqEPBKweqnd93rngdym,0.8.38
UCq4wQdEPe5RAYNy3KUPWgef,0.8.38
UCqHB8GTPVpwe6ndtm7NAghg,0.8.71
Uf6HCTeaPBpw8npUHsQ4EfCf,0.8.20
UC6HCK25se5wPH5UHP9nmgxf,0.8.38
UfqnW9g4PeKwPn5Un8tn4ytb,0.8.71
UCqHgF9esB5wBMHUQGrNFNqf,0.8.38
UWqngnrMPepw8HKAn8t4MfNg,0.8.71
UWq4EEDfseKReMHdQGNr5h8q,0.8.38
Uf6nEYGbsB5a8npAHP94spws,0.8.71
UfMnYHSRsB5asnKAns94Qc2e,0.8.71
UC64E9gVPVKaeM4dtGNNqsHg,0.8.38
UC6HFDnh8epwUEry3KAt7mqc,0.8.38
UWMH25PMseKReMHAQ3r7Qd2q,0.8.71
UCqHkM32Pe5aPn5A48tKTkqh,0.8.38
UCMnksxAsepaeqHUQm7NtnRe,0.8.38
UCqH3cKYPBKasH5UHPQKdKch,0.8.71
UC6nGAsHPVpwVqHA9GrswpTp,0.8.71
Ufq4mE4asVKaeM4dtGrPxgRd,0.8.71
UC6n4AyBsepaPnKAH8Q5DmXe,0.8.71
UCMH9cFPPepRAENTG5BxapRf,0.8.38
UWqH9k2E8BKa8H5A4Pt6fKeg,0.8.38
UCq4trEa8epadhNcGKexTrRc,0.8.38
UC6KarUFsB5wBq4A93NQgCdk,0.8.38
Uf6pa9Dx8e5aV6HdQGrtXqEf,0.8.38
UCMKSVemsBKaV6nAQGrthqWm,0.8.38
UWMpf7xCPVKaAENcGKVTmGdr,0.8.38
UCqKC7hKsB5wdENc35BcmnGg,0.8.38
UC6pE9yb8BKaAYry3KeUAxqr,0.8.38
UfqpGSGk8VpasH5UnPQ8Hpyf,0.8.71
UCM5nWFnPe5wPn5UHPtssrNh,0.8.71
UCqp4gmxPVKwe6nA9Gsb4k2p,0.8.71
UCMppeNk8VpwAYrTmKeAsc7r,0.8.38
UC6Kp2KpsepwBq4dtmPx8yep,0.8.71
UWMpKKeCPB5RP4pAnPt9ddHa,0.8.38
UCMpprAt8B5wAErTmpBUQrdq,0.8.38
UCqp5sQPPBpwUhNyGKBeRdwr,0.8.38
Ufq5ptsVPBKRAYNcm5eBaftf,0.8.71
UC6p6NEWsVKa8nKd4PQQXqCh,0.8.38
UfqpNyECsBpwUh7yGpVeAskc,0.8.71
UfMpNAeysBpa8HpAH8QtErpb,0.8.38
UWMpNpcrseKa8H5AHstQGfxp,0.8.71
UWMp7t8TsBpwAE7Tm5BeDDgd,0.8.38
UWM5sTkHsB5RsnKAnPtQHn8a,0.8.38
UWMpsfXD8VpasnpAHPQQKApn,0.8.38
UfM5PXMH8VpaAhNy3KBeEKks,0.8.38
UCM5PYMFsBpaeq4Atm8cEabg,0.8.38
UWMKsGnD8VKw84KdH8Q9qwbn,0.8.38
UfMpPKwTPVKaAYNcGKVB2hMd,0.8.38
UCqp8pps8epae6nd9msyYpwk,0.8.38
UCM5PNs8sepwdYrcm5ee3awb,0.8.38
UWqKtwyssBpw8n5dn8Q9reRd,0.8.38
UWq5tbQ5sepw8Hpd48t9NFte,0.8.71
Ufq5QAktsB5wdErTGKVVHb2c,0.8.38
UfqK92f6PepwP4pdHsQt8pVn,0.8.38
Ufqp9qNFsB5wB6ndQ3sc4Mqk,0.8.38
UC6p9N9PsVKaUYNc3KBepQkf,0.8.38
UCMqwH8bPVpReqndQ3Py7f5m,0.8.38
Uf6qwqTk8e5RPnKAntwacCts,0.8.38
UfqMRrVwsBKaUhNyGpVB8qNf,0.8.38
UfMMbywDPBKwPnKdHtRRdEee,0.8.38
UWqMxE66Pepae6HdQ3Pc9n8t,0.8.38
UCqqxGh6se5wAYrymKBCSapr,0.8.38
UCMMxHsF8BKwdErcGpBWxfed,0.8.38
UfMqydqqPepRPHpdnQwRDqMt,0.8.20
UWM6fDY4sVpwPHKUHtwSapKg,0.8.38
UfM6pTpa8VpwUh7cm5e2eqeb,0.8.20
UCM6pdxh8epaAh7cmpe2fwdp,?
UfMMsMPH8BpanDSRsPqwhwbc,0.8.38
UC66s7na8epRArmk6Vk9GkFf,0.8.38
UWqqQw5MPBpRd7Gk6BkQ4nFm,0.8.71
Uf6q94h9PBpaHgxaP8Mapk7m,0.8.71
UfM6QQRf8VKwUrGkMek9Qcha,0.8.38
UfMNwRfG8BpaHgSa8sMw7etd,0.8.38
Uf6Nwxcd8VKwUr3FMeFQtr7b,0.8.38
UCM7wTbWPVKasyCVHpYdDbfs,0.8.38
UWMNR8Ka8VpaHDSw8s6bBddr,0.8.38
UWqrb3EWsB5aHXbaPPMxkNkg,0.8.71
UC6NxHtXseKwsyfBnpEBxdRe,0.8.38
UCMNbqFPsepRdrmk6Bmwqc9b,0.8.38
UWMrSrwGsBpaPTCVHKEeSsxp,0.8.71
UCM7yy4wPVKasyWe45hBdtCp,0.8.20
Uf67yUB2PepwA7G2MemRsmff,0.8.71
UCM7Ab8D8e5aPcCen5hBkn4r,0.8.38
UWqrd5qAPepwUnFttVKcqrAn,0.8.38
UWMNBecN8Vpa8TCVnKYVrBsh,0.8.20
UWqNVQrsPB5w8TCVnKhfwc5f,0.8.38
UC6rBtsp8VKwPyWenKYfwcNs,0.8.71
UCqNfTxePBpwPcCe4KhCwpmg,0.8.38
UfMrXTyUPBpwscWB4pYfekUe,0.8.38
UCMrgEBP8eKwA4ktte5dYbwd,0.8.71
UCMNgYKcsepwd4kt9B5AYcab,0.8.38
Uf6NXKyc8e5a8cWBHKEfgaGn,0.8.71
UC6NXNwF8BpadN3FMemcRmxs,0.8.71
UCMrg8EVse5w8yfeHphCXqEk,0.8.38
UfqrYNNg8eKwA4k9tVKApcPr,0.8.38
UCMrE9Gd8BKwUrmFMVGcVdGb,0.7.84
Ufq7FfNePBKRA4FQ9Bpd6s9r,0.8.38
Uf6rkg4TsBpa8TfVn5hfKmMm,0.8.38
UC6rFQmhPVKRsyCBn5hfrNbm,?
UWMr4twqse5aPcWBnphDDAnc,0.8.38
UCMrqybHPepRd4kQQBpBrdrq,0.8.38
Uf6N6WgAsBKa8TfBnpEXqngc,0.8.38
UCMr7Gr7sBKw6Thq5FWbVp2n,0.8.71
UWq8wh2csVparYf6AUMkpwkr,0.8.38
UfMPas2hPB5RBQ8gqyNbpmrc,0.8.38
UCMsTrmGsBpRNEWMAAqmebrd,0.8.38
UCMsACaEse5aNEfqAdq3fryc,0.8.38
Uf6PAnKy8e5wrhWMAAqGEcpr,0.8.71
Uf6sAKRc8VKa7hCqdd6GEdtt,0.8.38
UWMPUPVAPVKwxTFWFtQ7PhCs,0.8.71
UfMsBNq4sepwVQPDMyrynmbd,0.8.38
UCM8fcgpseKRrECMUdMGMqTr,0.8.38
UC68fMmNPVKRNhW6AAMmPNrs,0.8.38
Uf6sYBBKsBKwxc2fFttPmMqn,0.8.20
UWM8hfkxPB5RrhWMAAqndMre,0.8.38
UC6PmfMQPVKwxykWFtt9wfbp,0.8.71
Ufq8mFmVPVKwbc2fkQttwr6e,0.8.38
UfMsnWcH8VKa7EfqUd6nrfwn,0.8.38
Uf68HXt7PBpw7EfqAdM4rpCg,0.8.38
UC6PMUM8PVparYfqAA6KUPpe,0.8.38
UCMP79bNPepwbcFCFtt9tCqm,0.8.38
UCq9BtYPPeKRBtsDqcrgctfn,0.8.38
Uf6tgUnPPe5Re9Pg6cNXhHgr,0.8.71
UfqtgEhx8Vpa7hCqUUqNGHsa,0.8.71
UC6tDtFM8VpwNhC6AUqr5mEb,0.9
UC69FA4Q8Bpw7hf6ddqPRgka,0.8.38
UWqt2fXAsBpaeQsgMyrDQHgb,0.8.38
UC69FrbG8eKwBt8gMc7Yxg4c,0.8.71
UfqtmFWnPVKaetsDMc7YdsTn,0.8.38
UfqtpawFseKaBQPDqc7YGbdc,0.8.71
UC6Q5Wkw8VKRB9PD6TrEHAfg,0.8.38
UC6QMaB5sVKwBQPg6cNh6g4e,0.8.38
UCrRGGK4seKwVtsgqTNnpqAe,0.8.38
Uf7RKbfdPe5wby2fmaagYCmc,0.8.71
UC7RNp5TsVKwNECMAdNdFkha,0.8.71
UfNa8H66PeKaVQ8XMTNqHrTt,0.8.71
UC7wtFhesB5wNEfMAUrUQdpm,0.8.71
UfNbas5hsVpw7YfMAdreebnc,0.8.38
Uf7Syw4qPB5wSckWmwwFKqEa,0.8.38
UC7bTmSnsVKwBtsD6TrrFmrq,0.8.38
UWNxYF9aPepwB9Pg6y78Gsqc,0.8.38
UfrxkdCfPB5RbcFC3aanatgb,0.8.20
UWNSQVrB8epabTkC3aRprtKn,0.8.38
UfryR9sFsBpaVtsg6TsbUcCp,0.8.71
UfrySSadseKwbTFCmaaMYm3s,0.8.38
UWrybADesepRNEWqAd7Fgbkn,0.8.38
UC7yypRGPBKwe9PXMyPx8tMn,0.8.20
UfryVxtm8eKaeQsDMyPc3eTb,0.8.38
UWrcV3mHsBpwbckf3RwNtnpr,0.8.20
